{
  "Ansi 5 Color" : {
    "Green Component" : 0.077163636684417725,
    "Blue Component" : 0.90092635154724121,
    "Red Component" : 0.58085638284683228
  },
  "Tags" : [

  ],
  "Ansi 12 Color" : {
    "Green Component" : 0.84313725490196079,
    "Blue Component" : 0.84313725490196079,
    "Red Component" : 0.13725490196078433
  },
  "Ansi 0 Color" : {
    "Green Component" : 0,
    "Blue Component" : 0,
    "Red Component" : 0
  },
  "Ansi 7 Color" : {
    "Green Component" : 0.88235294117647056,
    "Blue Component" : 0.8784313725490196,
    "Red Component" : 0.88235294117647056
  },
  "Bold Color" : {
    "Green Component" : 0,
    "Blue Component" : 0,
    "Red Component" : 0
  },
  "Ansi 8 Color" : {
    "Green Component" : 0.33333333333333331,
    "Blue Component" : 0.33333333333333331,
    "Red Component" : 0.33333333333333331
  },
  "Ansi 9 Color" : {
    "Green Component" : 0.19607843137254902,
    "Blue Component" : 0.25882352941176473,
    "Red Component" : 1
  },
  "Link Color" : {
    "Red Component" : 0,
    "Color Space" : "sRGB",
    "Blue Component" : 0.73423302173614502,
    "Alpha Component" : 1,
    "Green Component" : 0.35916060209274292
  },
  "Rows" : 40,
  "Default Bookmark" : "No",
  "Guid" : "C3E1A3AC-05EB-4DAB-B9B1-377511829F5D",
  "Cursor Guide Color" : {
    "Red Component" : 0.70213186740875244,
    "Color Space" : "sRGB",
    "Blue Component" : 1,
    "Alpha Component" : 0.25,
    "Green Component" : 0.9268307089805603
  },
  "Non-ASCII Anti Aliased" : true,
  "Use Bright Bold" : true,
  "Ansi 10 Color" : {
    "Green Component" : 0.80392156862745101,
    "Blue Component" : 0.40784313725490196,
    "Red Component" : 0.45490196078431372
  },
  "Ambiguous Double Width" : false,
  "Jobs to Ignore" : [
    "rlogin",
    "ssh",
    "slogin",
    "telnet"
  ],
  "Show Status Bar" : true,
  "Ansi 15 Color" : {
    "Green Component" : 1,
    "Blue Component" : 1,
    "Red Component" : 1
  },
  "Foreground Color" : {
    "Green Component" : 0.88235294818878174,
    "Blue Component" : 0.87843137979507446,
    "Red Component" : 0.88235294818878174
  },
  "Bound Hosts" : [

  ],
  "Working Directory" : "\/Users\/carterkonz",
  "Blinking Cursor" : false,
  "Disable Window Resizing" : true,
  "Sync Title" : false,
  "Prompt Before Closing 2" : false,
  "BM Growl" : true,
  "Command" : "",
  "Description" : "Default",
  "Mouse Reporting" : true,
  "Screen" : -1,
  "Selection Color" : {
    "Green Component" : 0.21568627655506134,
    "Blue Component" : 1,
    "Red Component" : 0.17647059261798859
  },
  "Only The Default BG Color Uses Transparency" : true,
  "Columns" : 150,
  "Idle Code" : 0,
  "Ansi 13 Color" : {
    "Green Component" : 0.21568627655506134,
    "Blue Component" : 1,
    "Red Component" : 1
  },
  "Custom Command" : "No",
  "ASCII Anti Aliased" : true,
  "Non Ascii Font" : "Monaco 12",
  "Vertical Spacing" : 1,
  "Use Bold Font" : true,
  "Option Key Sends" : 2,
  "Selected Text Color" : {
    "Green Component" : 0,
    "Blue Component" : 0,
    "Red Component" : 0
  },
  "Background Color" : {
    "Red Component" : 0.2085911105009107,
    "Color Space" : "sRGB",
    "Blue Component" : 0.28543097786794458,
    "Alpha Component" : 1,
    "Green Component" : 0.24302645912495308
  },
  "Character Encoding" : 4,
  "Ansi 11 Color" : {
    "Green Component" : 0.72549019607843135,
    "Blue Component" : 0.16078431372549021,
    "Red Component" : 1
  },
  "Use Italic Font" : true,
  "Unlimited Scrollback" : true,
  "Keyboard Map" : {
    "0xf700-0x260000" : {
      "Action" : 10,
      "Text" : "[1;6A"
    },
    "0x37-0x40000" : {
      "Action" : 11,
      "Text" : "0x1f"
    },
    "0x32-0x40000" : {
      "Action" : 11,
      "Text" : "0x00"
    },
    "0xf709-0x20000" : {
      "Action" : 10,
      "Text" : "[17;2~"
    },
    "0xf70c-0x20000" : {
      "Action" : 10,
      "Text" : "[20;2~"
    },
    "0xf729-0x20000" : {
      "Action" : 10,
      "Text" : "[1;2H"
    },
    "0xf72b-0x40000" : {
      "Action" : 10,
      "Text" : "[1;5F"
    },
    "0xf705-0x20000" : {
      "Action" : 10,
      "Text" : "[1;2Q"
    },
    "0xf703-0x260000" : {
      "Action" : 10,
      "Text" : "[1;6C"
    },
    "0xf700-0x220000" : {
      "Action" : 10,
      "Text" : "[1;2A"
    },
    "0xf701-0x280000" : {
      "Action" : 11,
      "Text" : "0x1b 0x1b 0x5b 0x42"
    },
    "0x38-0x40000" : {
      "Action" : 11,
      "Text" : "0x7f"
    },
    "0x33-0x40000" : {
      "Action" : 11,
      "Text" : "0x1b"
    },
    "0xf703-0x220000" : {
      "Action" : 10,
      "Text" : "[1;2C"
    },
    "0xf701-0x240000" : {
      "Action" : 10,
      "Text" : "[1;5B"
    },
    "0xf70d-0x20000" : {
      "Action" : 10,
      "Text" : "[21;2~"
    },
    "0xf702-0x260000" : {
      "Action" : 10,
      "Text" : "[1;6D"
    },
    "0xf729-0x40000" : {
      "Action" : 10,
      "Text" : "[1;5H"
    },
    "0xf706-0x20000" : {
      "Action" : 10,
      "Text" : "[1;2R"
    },
    "0x34-0x40000" : {
      "Action" : 11,
      "Text" : "0x1c"
    },
    "0xf700-0x280000" : {
      "Action" : 11,
      "Text" : "0x1b 0x1b 0x5b 0x41"
    },
    "0x2d-0x40000" : {
      "Action" : 11,
      "Text" : "0x1f"
    },
    "0xf70e-0x20000" : {
      "Action" : 10,
      "Text" : "[23;2~"
    },
    "0xf702-0x220000" : {
      "Action" : 10,
      "Text" : "[1;2D"
    },
    "0xf703-0x280000" : {
      "Action" : 10,
      "Text" : "f"
    },
    "0xf700-0x240000" : {
      "Action" : 10,
      "Text" : "[1;5A"
    },
    "0xf707-0x20000" : {
      "Action" : 10,
      "Text" : "[1;2S"
    },
    "0xf70a-0x20000" : {
      "Action" : 10,
      "Text" : "[18;2~"
    },
    "0x35-0x40000" : {
      "Action" : 11,
      "Text" : "0x1d"
    },
    "0xf70f-0x20000" : {
      "Action" : 10,
      "Text" : "[24;2~"
    },
    "0xf703-0x240000" : {
      "Action" : 10,
      "Text" : "[1;5C"
    },
    "0xf701-0x260000" : {
      "Action" : 10,
      "Text" : "[1;6B"
    },
    "0xf702-0x280000" : {
      "Action" : 10,
      "Text" : "b"
    },
    "0xf72b-0x20000" : {
      "Action" : 10,
      "Text" : "[1;2F"
    },
    "0x36-0x40000" : {
      "Action" : 11,
      "Text" : "0x1e"
    },
    "0xf708-0x20000" : {
      "Action" : 10,
      "Text" : "[15;2~"
    },
    "0xf701-0x220000" : {
      "Action" : 10,
      "Text" : "[1;2B"
    },
    "0xf70b-0x20000" : {
      "Action" : 10,
      "Text" : "[19;2~"
    },
    "0xf702-0x240000" : {
      "Action" : 10,
      "Text" : "[1;5D"
    },
    "0xf704-0x20000" : {
      "Action" : 10,
      "Text" : "[1;2P"
    }
  },
  "Window Type" : 0,
  "Blur Radius" : 16.819146573604062,
  "Background Image Location" : "",
  "Blur" : true,
  "Badge Color" : {
    "Red Component" : 1,
    "Color Space" : "sRGB",
    "Blue Component" : 0,
    "Alpha Component" : 0.5,
    "Green Component" : 0.1491314172744751
  },
  "Scrollback Lines" : 0,
  "Send Code When Idle" : false,
  "Close Sessions On End" : true,
  "Terminal Type" : "xterm-256color",
  "Visual Bell" : true,
  "Flashing Bell" : false,
  "Status Bar Layout" : {
    "components" : [
      {
        "class" : "iTermStatusBarGitComponent",
        "configuration" : {
          "knobs" : {
            "iTermStatusBarGitComponentPollingIntervalKey" : 2,
            "base: priority" : 5,
            "minwidth" : 0,
            "base: compression resistance" : 1,
            "maxwidth" : 1.7976931348623157e+308
          },
          "layout advanced configuration dictionary value" : {
            "font" : ".AppleSystemUIFont 12",
            "algorithm" : 0
          }
        }
      },
      {
        "class" : "iTermStatusBarJobComponent",
        "configuration" : {
          "knobs" : {
            "base: priority" : 5,
            "minwidth" : 0,
            "base: compression resistance" : 1,
            "maxwidth" : 1.7976931348623157e+308
          },